{
  "timestamp": 1777532859.2971485,
  "quality_signal": 0.5113600511837876,
  "coupling_score": 0.3653444676409186,
  "cycle_count": 1,
  "god_file_count": 7,
  "hotspot_count": 0,
  "complex_fn_count": 22,
  "max_depth": 9,
  "total_import_edges": 958,
  "cross_module_edges": 769
}